"rate","yield"
0,1796.83907902282
30,2087.98561676677
60,2105.01020443349
90,2639.5024681696
120,2623.68305126903
150,2659.35745959607
180,2701.21636504391
210,2717.53881882208
230,2717.53881882208