"rate","yield"
0,1765.49234479477
30,2071.82477118953
60,2074.97608329955
90,2632.74704434642
120,2606.67779712599
150,2644.61064247225
180,2686.40580825259
210,2711.96157998397
230,2711.96157998397
