"rate","yield"
0,1810.10378323875
30,2077.34932600049
60,2047.78044173155
90,2630.03451227659
120,2580.06465885506
150,2616.29485335432
180,2686.37597689855
210,2715.1616054338
230,2715.1616054338
