"rate","yield"
0,1925.19949538118
30,2272.16358430992
60,2338.3243749584
90,2722.68567889156
120,2729.45307733329
150,2781.57636942693
180,2807.67249217562
210,2816.31700824184
230,2816.31700824184
