"rate","yield"
0,1763.9568917725
30,2079.54502892303
60,2080.77778937572
90,2599.52314236987
120,2572.55123647696
150,2610.89156065825
180,2637.95870070299
210,2650.82330604318
230,2650.82330604318
