"rate","yield"
0,1758.81065571922
30,2042.46067911562
60,2023.31240366601
90,2572.23717597782
120,2502.73542803454
150,2539.42184419642
180,2583.00316919601
210,2594.17210862712
230,2594.17210862712
