"rate","yield"
0,1805.92616831857
30,2100.96857487145
60,2067.47530042175
90,2619.87272045656
120,2536.37942460593
150,2571.55552115345
180,2621.33033427471
210,2645.04008330053
230,2645.04008330053
