"rate","yield"
0,1685.61560058594
30,1956.32580566406
60,1974.26776123047
90,2518.84790039062
120,2463.07958984375
150,2507.75256347656
180,2556.6201171875
210,2578.685546875
230,2578.685546875
