"rate","yield"
0,1756.13113023
30,2042.90925384687
60,2021.3910216529
90,2563.19097957204
120,2470.18680166593
150,2501.37652159136
180,2539.74889239972
210,2543.10569866694
230,2543.10569866694
