"rate","yield"
0,1728.92925488672
30,2036.81831554007
60,2039.72336109339
90,2579.76363156283
120,2550.04353029068
150,2581.08749933952
180,2621.88638587916
210,2642.74523468748
230,2642.74523468748
