"rate","yield"
0,1702.84629383899
30,1982.01649112088
60,1947.66666102747
90,2510.65366046364
120,2427.44692807023
150,2457.31106885403
180,2501.84643525839
210,2509.2127920456
230,2509.2127920456
