"rate","yield"
0,1737.42216224446
30,2073.17400796229
60,2072.66911104089
90,2620.57428886076
120,2635.11466725981
150,2693.52928780241
180,2732.58557111436
210,2767.07090031467
230,2767.07090031467
