"rate","yield"
0,1714.28684661339
30,2010.66417865773
60,2031.08049751277
90,2603.36213682848
120,2533.81669426216
150,2596.87366536805
180,2654.15460842317
210,2672.64067935623
230,2672.64067935623
