"rate","yield"
0,1816.80501435668
30,2134.60803389432
60,2160.55791352455
90,2677.33337830963
120,2650.64035865807
150,2688.23727488087
180,2736.23598522994
210,2769.94893016578
230,2769.94893016578
