"rate","yield"
0,1737.75935592435
30,2024.33494228815
60,1983.94078960059
90,2563.07246980128
120,2473.57196786623
150,2509.01703695815
180,2541.04349344479
210,2550.38199134874
230,2550.38199134874
