"rate","yield"
0,1807.72043654528
30,2030.60692949608
60,2213.88338452964
90,2468.24931449939
120,2432.44316788084
150,2457.90611841269
180,2465.79443053492
210,2469.39211419894
230,2469.39211419894
