"rate","yield"
0,1924.87426760504
30,2185.02464417564
60,2358.56961454396
90,2613.50331787088
120,2654.18971282181
150,2758.82093880607
180,2774.91646390155
210,2768.40499922876
230,2768.40499922876
