"rate","yield"
0,1773.77059886116
30,2117.76595188122
60,2178.34602228117
90,2666.17492567679
120,2719.29849402888
150,2760.83495327318
180,2783.47827742392
210,2811.81775507229
230,2811.81775507229
