"rate","yield"
0,1817.30651426891
30,2121.02643108676
60,2163.69203721066
90,2675.69066082205
120,2663.42654073558
150,2703.43954764734
180,2747.61602524811
210,2774.77604397271
230,2774.77604397271
