"rate","yield"
0,1809.83618341549
30,2080.88045892863
60,2052.01763556537
90,2628.44782487301
120,2568.77869469751
150,2603.9321569158
180,2673.52523042981
210,2698.67913528211
230,2698.67913528211
