"rate","yield"
0,1898.89199008186
30,2246.3360368176
60,2294.51423987959
90,2739.88232659365
120,2740.74598170434
150,2777.76825272537
180,2801.47741004251
210,2806.34863532742
230,2806.34863532742
