"rate","yield"
0,1777.55191174544
30,2072.29281617542
60,2050.76532910051
90,2615.84296584312
120,2543.35148113815
150,2576.70574137351
180,2603.82098103142
210,2619.28888223515
230,2619.28888223515
