"rate","yield"
0,1791.50918558457
30,2098.86235708761
60,2125.93638266359
90,2655.724487487
120,2658.17808400222
150,2697.20092306562
180,2725.70495162545
210,2742.06587355485
230,2742.06587355485
