"rate","yield"
0,1716.56790309987
30,2011.42662008324
60,2008.34166676054
90,2599.9934514799
120,2591.33878146741
150,2633.59007249687
180,2672.27212740198
210,2690.10825618104
230,2690.10825618104
