"rate","yield"
0,1818.88994963919
30,2099.50964642036
60,2096.72560241059
90,2606.15483598133
120,2520.18976131965
150,2551.82977018268
180,2582.62028613584
210,2605.81819637428
230,2605.81819637428
