"rate","yield"
0,1749.09019063183
30,2025.25748539679
60,1982.27716502048
90,2558.76445768008
120,2481.50379630976
150,2516.09344828071
180,2560.5379381291
210,2573.66989356924
230,2573.66989356924
