"rate","yield"
0,1793.771932632
30,2087.13036689994
60,2062.33383477821
90,2591.4900710568
120,2512.91847970504
150,2546.52153455435
180,2577.54377369034
210,2597.92070439256
230,2597.92070439256
