"rate","yield"
0,1730.72799527662
30,2021.57547257481
60,2060.72374232857
90,2588.99423974615
120,2578.1642444433
150,2617.88208484515
180,2657.44637847384
210,2664.99265820172
230,2664.99265820172
