"rate","yield"
0,1742.34540923298
30,2038.55845937314
60,2089.76058555271
90,2638.45531821873
120,2666.34672129534
150,2715.73338836449
180,2773.93936406011
210,2782.54058652131
230,2782.54058652131
