"rate","yield"
0,1802.08203695347
30,2049.23978667846
60,2169.05612020418
90,2576.38768340925
120,2561.22626541514
150,2588.74587309968
180,2610.51709773655
210,2629.6950301321
230,2629.6950301321
