"rate","yield"
0,1673.36325707853
30,1953.40340195926
60,1948.67589432909
90,2523.42344789299
120,2481.66533997955
150,2523.52724674827
180,2561.01557760456
210,2561.1041946976
230,2561.1041946976
