"rate","yield"
0,1758.40080086592
30,2050.38973113484
60,2029.37355392544
90,2591.31535291727
120,2534.19761165553
150,2568.79565542585
180,2620.22699292133
210,2650.64188691068
230,2650.64188691068
