"rate","yield"
0,1708.44196879214
30,2022.94065582232
60,2036.47727042074
90,2615.59574551004
120,2619.88483656857
150,2694.74404060048
180,2729.33964263872
210,2756.32220901293
230,2756.32220901293
