"rate","yield"
0,1836.78668482397
30,2121.99180321632
60,2098.30529531504
90,2643.26621601055
120,2541.61423434963
150,2587.27594929485
180,2658.023413403
210,2691.69744825487
230,2691.69744825487
