"rate","yield"
0,1720.03083683894
30,2000.50901442308
60,1970.31481933594
90,2513.45725661058
120,2406.09634164663
150,2426.43250450721
180,2444.8383976863
210,2451.94225135216
230,2451.94225135216
