"rate","yield"
0,1866.39032076965
30,2214.09297437682
60,2320.15242753526
90,2676.51483384186
120,2688.18924914039
150,2737.19234408956
180,2756.89749320164
210,2760.9422835719
230,2760.9422835719
