"rate","yield"
0,1756.18872956904
30,2061.74443096889
60,2145.87406888278
90,2621.57611108257
120,2634.44123755058
150,2676.80827300989
180,2707.80107829656
210,2736.68297225004
230,2736.68297225004
