"rate","yield"
0,1569.5853404652
30,1838.97653586648
60,1774.98006480824
90,2410.70286310369
120,2287.10424360795
150,2326.74895685369
180,2342.62506658381
210,2342.73882723722
230,2342.73882723722
